SizeDataset;TrainPercent;sizeTrainDataset;sizeTestDataset;mse;mape
800;0.8;640;160;388309118.852;25.0939617559
800;0.81;648;152;409378330.646;25.7006865714
