SizeDataset;TrainPercent;sizeTrainDataset;sizeTestDataset;mse;mape
800;0.8;640;160;13.656647294;7.55490462337
800;0.81;648;152;14.0085310432;7.54176820781
