SizeDataset;TrainPercent;sizeTrainDataset;sizeTestDataset;mse;mape
800;0.8;640;160;0.871672712518;5.14123147817
800;0.81;648;152;0.888122770254;5.20411425014
