SizeDataset;TrainPercent;sizeTrainDataset;sizeTestDataset;mse;mape
800;0.8;640;160;0.240466010659;2.36808277661
800;0.81;648;152;0.235419199341;2.32568962777
